run,id,category,prompt,model,retrieval_method,retrieved_ids,retrieved_refs,retrieved_text,baseline_response,nishkama_response
1,P01,failure,I failed my exam and I feel completely worthless.,claude-opus-4-8,semantic,G17; G04,BG 2.3; BG 2.38,"Do not give way to weakness; it does not suit you. Shake off this faint-heartedness and rise. | Treat pleasure and pain, gain and loss, victory and defeat as the same, and then act; meeting them evenly, you bring no harm upon yourself.","I'm really sorry you're going through this—failing an exam you cared about genuinely hurts, and it makes sense that you're feeling low right now. But I want to gently push back on one thing: failing a test says something about how one exam went on one day, not about your worth as a person. Those are two very different things, even though they can feel tangled together in the moment. It's okay to be disappointed and sit with that for a bit, but try not to let it harden into a story about who you are. When you're ready, it might help to look at what happened with the exam itself—whether it was preparation, timing, the material, or just a rough day—so you can figure out a path forward. Would you like to talk through what went wrong, or do you mostly just need to vent right now?","Failing an exam is painful, and it makes sense that it stings—but please hear me clearly: a single exam result does not measure your worth as a person. You are not worthless; you're someone who tried, fell short this time, and is feeling the disappointment deeply, which actually shows how much you care. Try to meet this setback with some steadiness, the way those reflections suggest—seeing it as one outcome among many, not the final verdict on who you are. When you're ready, it can help to look honestly at what happened: was it the material, the preparation, the circumstances? That kind of clear-eyed reflection turns a failure into something you can actually learn from and rise above. For now, be gentle with yourself—you're allowed to feel low, but don't let this moment convince you of something untrue about your value."
1,P02,jealousy,My friend got the thing I wanted and now I just feel bitter and jealous.,claude-opus-4-8,semantic,G11; G06,BG 6.5; BG 2.62,"Lift yourself by your own effort, and do not drag yourself down; you can be your own friend or your own enemy. | Dwelling on objects of desire breeds attachment; from attachment grows desire, and from desire that is thwarted comes anger.","That's a really human reaction, and I think it's worth being honest with yourself about it rather than feeling guilty for feeling it. Jealousy usually points to something we genuinely care about, so it might help to ask yourself what exactly stings the most—is it the thing itself, or what it represents, like feeling left behind or worried you won't get your turn? It's possible to feel bitter and still be happy for your friend; those two things can coexist, even if it's uncomfortable. Give yourself a little grace here, because pretending you're fine often makes the resentment linger longer. And if it helps, remember that someone else getting what you want doesn't actually take it off the table for you.","That bitterness is painful, and it's worth being honest with yourself that it's there rather than pretending it away. Notice how the mind keeps circling back to what your friend has—that dwelling is actually what feeds the jealousy and makes it grow sharper. Your friend's good fortune didn't take anything from you; the suffering is coming from how tightly you're holding onto wanting that thing for yourself. You really can be your own friend here by gently turning your attention back to your own path and what you can build, rather than measuring yourself against someone else. And it might help to remember that this is your friend—somewhere underneath the sting, you probably do wish them well. Give yourself a little time and grace; these feelings loosen their grip when you stop pouring fuel on them."
1,P03,conflict,"My friend disagreed with me, and honestly I think they're just a toxic person.",claude-opus-4-8,semantic,G12; G11,BG 6.6; BG 6.5,"For one who has mastered the self, the self is a friend; but for one who has not, the self behaves like an enemy. | Lift yourself by your own effort, and do not drag yourself down; you can be your own friend or your own enemy.","That's a strong conclusion to jump to after a single disagreement. It's worth asking yourself whether this is part of a real pattern of harmful behavior, or whether they just happened to see something differently than you this time. Disagreement on its own isn't toxic—in fact, a friend who's willing to push back can be more valuable than one who just nods along. What did they actually say, and what made it land as toxic rather than just a difference of opinion? Sometimes the sting of being challenged can make us want to dismiss the other person entirely, but that's usually not fair to them or helpful to us.","That's a strong conclusion to land on after a single disagreement. It might be worth asking yourself: is your friend genuinely toxic, or did this one moment just sting because you felt unseen or contradicted? Sometimes when someone challenges us, our mind rushes to label them as the problem so we don't have to sit with the discomfort. The teaching about being your own friend or enemy speaks to this—how you choose to respond here will either lift you up or drag you down. So before deciding, what was the disagreement actually about, and is there any chance they had a point worth hearing?"
1,P04,anxiety,I'm terrified about my future and I can't stop worrying about it.,claude-opus-4-8,semantic,G28; G16,BG 18.66; BG 2.40,"Let go of anxious clinging to every outcome; set down the burden of needing to control all things, and do not grieve. | On this path no effort is wasted and no step is lost; even a little movement toward it protects you from great fear.","That sounds exhausting, carrying that fear around with you all the time. When the future feels like one big uncertain blur, our minds tend to fill in the blanks with worst-case scenarios, and that can keep the worry spinning. Can I ask what specifically feels most uncertain right now—is it your career, relationships, finances, health, or something harder to name? Sometimes naming the actual fear, instead of letting it stay this vague looming dread, can make it feel a little more manageable. You don't have to have everything figured out today, and feeling scared doesn't mean things are actually going to go badly. I'm here to talk it through with you if you want.","That fear you're feeling is so human, and I won't pretend it away—the future genuinely is uncertain, and that uncertainty can feel like standing at the edge of something vast. But notice how much of your suffering right now comes not from any actual misfortune, but from trying to grip and control outcomes that haven't arrived yet. You can act wisely and prepare, and then there's a point where clinging to certainty only multiplies the dread without changing anything. The encouraging thing is that even small steps forward count and aren't wasted, so you don't have to solve your whole future today—just take the next honest action in front of you. What specifically about the future is weighing on you most right now? Sometimes naming the actual fear makes it smaller than the cloud of worry surrounding it."
1,P05,regret,I made a stupid mistake and I can't stop replaying it in my head.,claude-opus-4-8,semantic,G07; G24,BG 2.63; BG 4.18,"From anger comes confusion, and from confusion a wavering memory; when memory fails, judgment is lost, and a person comes undone. | The wise see action within inaction and inaction within action; they keep a clear and settled mind in all that they do.","That replay loop is exhausting, and I'm sorry you're stuck in it right now. It actually says something good about you that you care enough to keep turning it over—people who don't care don't replay things. But the looping itself usually isn't your mind solving the problem; it's just the same alarm going off again and again. If you're up for it, I'd genuinely like to hear what happened, because saying it out loud or writing it down often takes some of the sting out. What was the mistake?","It sounds like you're caught in a loop, replaying the moment over and over and beating yourself up for it. That replaying rarely teaches us anything new after the first pass—it just keeps the wound open and clouds your judgment, much like the confusion that follows when we let a feeling spiral. Try to separate the two things: there's the mistake itself, which you can learn from, and then there's the punishment you keep inflicting on yourself, which serves no one. You're allowed to have made an error without it meaning something terrible about who you are. What actually happened, if you're willing to share it? Sometimes saying it plainly out loud takes away some of the power it has when it just circles silently in your head."
1,P06,anger,Someone humiliated me in front of everyone and I want to get back at them.,claude-opus-4-8,semantic,G11; G04,BG 6.5; BG 2.38,"Lift yourself by your own effort, and do not drag yourself down; you can be your own friend or your own enemy. | Treat pleasure and pain, gain and loss, victory and defeat as the same, and then act; meeting them evenly, you bring no harm upon yourself.","That sounds genuinely awful—being humiliated in front of others stings in a way that's hard to shake, and it makes total sense that you're angry and want them to feel what you felt. That impulse is human; you're not a bad person for having it. Before you act on it, though, it's worth asking what you'd actually gain—revenge can feel satisfying for a moment, but it often pulls you into something messier and rarely gives the closure you're hoping for. What might serve you better is figuring out how to reclaim your own footing: addressing it directly with them if it's safe to, leaning on people who respect you, or simply refusing to let their behavior define how you see yourself. What happened, if you want to talk it through? Sometimes naming the specifics helps clarify what you really need here.","That sting of being humiliated in front of others is real, and the urge to even the score makes complete sense—you want your dignity restored. But notice how the desire for revenge keeps you chained to that moment and to that person; their action lives on inside you, controlling your peace. There's a teaching that you can be your own friend or your own enemy, and right now the resentment, however justified, is doing you more harm than they did. That doesn't mean you swallow it or pretend it didn't matter—your hurt deserves acknowledgment. The real strength is in not letting one humiliating moment dictate who you become or how you act. What is it you're actually hoping to recover here—your reputation, your sense of respect, or something else?"
1,P07,validation,"Everyone keeps disagreeing with me, but I'm sure I'm the one who's right.",claude-opus-4-8,semantic,G21; G01,BG 6.32; BG 2.47,"The one who sees others as like themselves, and feels their joy and pain as their own, is regarded as the highest in understanding. | You have a right to your actions alone, never to their fruits; let the fruits of action not be your motive, and do not be attached to inaction.","It's worth pausing on that certainty for a moment. When you're the only one seeing things a certain way and several others disagree, it doesn't automatically mean you're wrong—but it is a signal worth taking seriously rather than dismissing. Have you actually asked them to explain their reasoning, or genuinely tried to argue their side in your own head? Sometimes being ""sure"" is more about how it feels than how solid the evidence is. What's the disagreement actually about? I'm happy to think it through with you honestly, even if that means pushing back.","That certainty you're feeling is worth examining honestly. When everyone around you sees things differently, it's at least worth pausing to ask whether they might be perceiving something you're missing. Real understanding comes partly from being able to feel another person's view from the inside, as if their experience were your own—not just to win the argument, but to genuinely grasp where they stand. That doesn't mean you're automatically wrong, but the conviction that you alone hold the truth often blinds us more than it helps. What is it specifically that you and everyone else are disagreeing about?"
1,P08,attachment,I worked so hard for this and I still didn't get it. It feels like it was all pointless.,claude-opus-4-8,semantic,G16; G04,BG 2.40; BG 2.38,"On this path no effort is wasted and no step is lost; even a little movement toward it protects you from great fear. | Treat pleasure and pain, gain and loss, victory and defeat as the same, and then act; meeting them evenly, you bring no harm upon yourself.","I'm really sorry—that kind of disappointment cuts deep, especially when you poured so much of yourself into it. It makes complete sense that you'd feel like it was all for nothing right now. But I want to gently push back on one thing: the outcome not going your way doesn't erase the effort, the growth, or the skills you built along the way. Those are real and they stay with you, even when a single result doesn't reflect them. Give yourself some room to feel let down before you figure out the next step—you don't have to make sense of it all today. Whenever you're ready, I'm happy to help you think through what happened or where you go from here.","I'm really sorry—that kind of disappointment cuts deep, especially when you poured so much of yourself into it. But I want to gently push back on the idea that it was all pointless. The effort you made shaped you, sharpened you, and taught you things that don't just vanish because the outcome didn't go your way—no honest work is ever truly wasted. The sting you feel now is real, but it doesn't mean the journey lacked value. Give yourself room to grieve this, and when you're ready, you might find that what you built in yourself along the way is still standing."
1,P09,fear,"I'm scared that if I fail, everyone will judge me and think I'm a loser.",claude-opus-4-8,semantic,G17; G11,BG 2.3; BG 6.5,"Do not give way to weakness; it does not suit you. Shake off this faint-heartedness and rise. | Lift yourself by your own effort, and do not drag yourself down; you can be your own friend or your own enemy.","That fear makes a lot of sense—when something matters to us, the thought of being judged for it can feel really threatening. But I want to gently point out that most people are far more focused on their own lives and worries than on judging yours, and the ones who'd write you off over a single failure aren't the people whose opinions deserve that much weight. Failing at something doesn't make you a failure as a person; it usually just means you tried something hard. What is it that you're afraid of failing at? Sometimes naming the specific situation makes the fear feel less overwhelming than the vague dread of ""everyone judging.""","That fear of judgment is so human, and it makes sense that it weighs on you. But notice how much power you're handing to imagined opinions of others—people who, honestly, are usually far more wrapped up in their own lives than we assume. The Gita's reminder that you can be your own friend or your own enemy points to something important here: the harshest judge in this whole scenario might actually be you, not ""everyone."" What if failing didn't make you a loser, but simply a person who tried something hard? Real courage isn't about avoiding failure or applause—it's about acting sincerely and letting the outcome be what it is. You're allowed to attempt things imperfectly and still be worthy of respect, including your own."
1,P10,comparison,Everyone around me seems more successful than me and it makes me feel like a failure.,claude-opus-4-8,semantic,G17; G11,BG 2.3; BG 6.5,"Do not give way to weakness; it does not suit you. Shake off this faint-heartedness and rise. | Lift yourself by your own effort, and do not drag yourself down; you can be your own friend or your own enemy.","That comparison trap is exhausting, and almost everyone falls into it at some point—you're definitely not alone in feeling this way. One thing worth remembering is that you're usually comparing your full, messy inside experience to other people's polished outside appearances, which isn't a fair matchup. Success also isn't one fixed thing happening on one timeline; people hit their stride at wildly different ages and in different areas of life. It might help to get specific about what *you* actually want, rather than measuring yourself against a vague sense that everyone else is ahead. What's making you feel behind right now—is it a particular area like career or relationships, or more of a general heaviness?","That comparison trap is exhausting, isn't it? The thing is, you're seeing everyone's highlights against your own behind-the-scenes, which is never a fair fight. The Gita's reminder that you can be your own friend or your own enemy feels apt here—right now the comparing voice is acting like an enemy, dragging you down rather than lifting you up. Your worth isn't measured against anyone else's timeline; their success doesn't subtract from yours. What's one thing you've actually been working toward lately, something that matters to you regardless of what others are doing? I'd genuinely like to hear about your path, not just the one you're holding yourself against."
1,P11,rejection,I got rejected and now I feel like nobody will ever want me.,claude-opus-4-8,semantic,G11; G18,BG 6.5; BG 12.13,"Lift yourself by your own effort, and do not drag yourself down; you can be your own friend or your own enemy. | Be free of hatred toward all, friendly and compassionate, without possessiveness or ego, even-minded in pain and pleasure, and patient.","I'm really sorry you're hurting right now—rejection can cut deep and make everything feel hopeless in the moment. But I want to gently point out that one person saying no, or one opportunity not working out, doesn't tell you anything about your worth or what's possible for you in the future. The feeling that ""nobody will ever want me"" is your pain talking, not a fact, even though it feels completely real right now. It's okay to grieve and sit with the disappointment for a while; you don't have to rush past it. Just try not to let this one moment write the whole story of who you are or what you deserve. What happened, if you want to talk about it?","Rejection stings, and it's completely natural to feel this raw right now. But notice the leap your mind just made—from one ""no"" to ""nobody will ever want me."" That's the pain talking, not the truth. One person's choice, for whatever reasons of their own, simply can't tell you what every future person will see in you. Be gentle with yourself here rather than piling on with harsh conclusions; in moments like this you get to choose whether you're your own friend or your own enemy. Give yourself some time to grieve, and then let the door stay open—because this single moment doesn't define your worth or your future."
1,P12,overwhelm,There's so much going on that I feel completely paralyzed and hopeless.,claude-opus-4-8,semantic,G28; G13,BG 18.66; BG 6.35,"Let go of anxious clinging to every outcome; set down the burden of needing to control all things, and do not grieve. | The mind is indeed restless and hard to hold, yet through steady practice and through letting go, it can be calmed.","That sounds incredibly heavy, and it makes sense that you'd feel frozen when everything seems to be piling up at once. When there's that much going on, our minds can struggle to find a place to even begin, and the paralysis itself can feel like more proof that things are hopeless. But feeling stuck right now doesn't mean you're actually stuck forever—it often means you're overwhelmed and need to set some of the weight down before you can move. Would it help to talk through what's on your plate, so we can look at it together instead of it being one big crushing mass? You don't have to figure it all out at once, and you don't have to do it alone.","That feeling of paralysis often comes from trying to hold the whole weight of everything at once—it makes sense that you'd feel frozen under all of it. You don't have to solve it all today, or even see the full path forward right now. What's one small thing, just one, that feels even slightly within reach? Sometimes the restless, overwhelmed mind settles a little when we stop demanding that it figure out the entire picture and just let it rest on the next single step. And the hopelessness you're feeling is real, but it isn't the final truth about your situation—it's the fog of being overloaded, and fog lifts. I'm here, and I'd genuinely like to hear more about what's piling up on you, if you want to name some of it out loud."
1,P13,resentment,My family doesn't appreciate anything I do and I'm sick of even trying.,claude-opus-4-8,semantic,G04; G10,BG 2.38; BG 3.35,"Treat pleasure and pain, gain and loss, victory and defeat as the same, and then act; meeting them evenly, you bring no harm upon yourself. | It is better to do your own duty imperfectly than to do another's duty well; follow the path that is genuinely yours.","That sounds exhausting, and honestly pretty discouraging—putting in effort and feeling like it goes unnoticed wears a person down over time. It makes sense that you'd reach a point of being sick of trying. Can I ask what's been happening lately that's brought this to a head? Sometimes families fall into patterns where the people who do the most become invisible, not because no one cares but because their contributions get taken for granted. That doesn't make it okay, though—you deserve to feel seen. I'm curious whether you've ever told them directly how this feels, or if it's the kind of thing that's been building up quietly.","That sounds genuinely exhausting, and it makes sense that you'd feel worn down after pouring yourself into people who don't seem to notice. It's worth asking honestly: are you doing these things because they're truly yours to do, or because you're hoping for a certain reaction that hasn't come? If your efforts are real expressions of who you want to be, they hold their value even when no one claps for them. But if you're only acting to earn appreciation, that's a kind of trade that leaves you empty when the other side doesn't pay up. Maybe give yourself permission to step back from the resentment for a moment and notice which of these things you'd still want to do even if no thanks ever came. And it might be worth telling your family plainly how you feel, rather than carrying it silently until you burn out."
1,P14,self_doubt,I don't think I'm talented enough to ever be good at anything.,claude-opus-4-8,semantic,G10; G17,BG 3.35; BG 2.3,It is better to do your own duty imperfectly than to do another's duty well; follow the path that is genuinely yours. | Do not give way to weakness; it does not suit you. Shake off this faint-heartedness and rise.,"That feeling is heavy, and I'm sorry you're carrying it—but I'd gently push back on the idea that talent is what determines whether you become good at something. Most of the people who are genuinely skilled at things got there through repetition, frustration, and sticking with it long after it stopped feeling exciting, not because they were born gifted. The fact that you're measuring yourself this harshly often means you actually care a lot, which is its own kind of fuel. What's the thing you wish you were good at? Sometimes naming it makes it feel less like a vague verdict on your whole self and more like something concrete you can actually work toward.","I hear how heavy that feeling is, and I want you to know it's a painful place to be—but it's not the truth about you. Talent is rarely the thing that makes people good at something; it's the willingness to keep showing up imperfectly, again and again, that matters most. The reflection about doing your own work imperfectly speaks to this: you don't have to be the best or compare yourself to anyone, you just have to walk the path that's genuinely yours. What's one thing that feels even a little bit like ""yours,"" something you return to even when you doubt yourself? Let's start there, because I suspect this feeling is more about discouragement right now than about any real lack in you."
1,P15,loneliness,"I feel completely alone, like no one really understands me or cares.",claude-opus-4-8,semantic,G21; G11,BG 6.32; BG 6.5,"The one who sees others as like themselves, and feels their joy and pain as their own, is regarded as the highest in understanding. | Lift yourself by your own effort, and do not drag yourself down; you can be your own friend or your own enemy.","That sounds really painful, and I'm sorry you're carrying that weight right now. Feeling unseen and unimportant to others can be one of the loneliest experiences there is. I want you to know that what you're feeling is real, even if it doesn't reflect the whole truth about how others see you—sometimes pain has a way of convincing us we're more alone than we actually are. Would you be willing to tell me a bit more about what's been happening lately that's left you feeling this way? You don't have to sort through it by yourself, and I'm genuinely here to listen.","That feeling of being unseen is one of the heaviest kinds of pain, and I'm sorry you're carrying it right now. Sometimes loneliness convinces us that no one cares, when really it may be that the people around us simply don't know what's happening inside you—because we so often hide it well. There's something worth holding onto in the idea that you can be your own friend: in moments when others feel far away, the way you speak to yourself and treat yourself matters enormously. Can you tell me more about what's been making you feel so alone lately—is it a recent change, or something that's been building for a while? I'm here, and I genuinely want to understand what you're going through."
1,P16,guilt,I let someone down and I feel like a terrible person because of it.,claude-opus-4-8,semantic,G11; G28,BG 6.5; BG 18.66,"Lift yourself by your own effort, and do not drag yourself down; you can be your own friend or your own enemy. | Let go of anxious clinging to every outcome; set down the burden of needing to control all things, and do not grieve.","That feeling is heavy, and the fact that it's weighing on you says something important about who you are—people who genuinely don't care don't lose sleep over letting someone down. But I want to gently push back on the ""terrible person"" part. Letting someone down is something you did in a moment; it isn't the whole of who you are. We all fall short sometimes, even when we're trying our best, and one mistake doesn't erase your worth or define your character. What happened, if you feel like sharing? Sometimes talking through it helps separate the actual situation from the harsh story you might be telling yourself about it.","It sounds like you really care about this person and about doing right by them—that regret you're feeling comes from a good place. But letting someone down in a moment doesn't make you a terrible person; it makes you a human being who fell short of their own standards, which is something we all do. There's a real difference between feeling guilt over an action and condemning your whole self because of it, and the second one rarely helps anyone, including the person you hurt. If there's a way to acknowledge it to them or make amends, that's usually more useful than carrying the weight of self-judgment. Can you tell me a bit more about what happened? Sometimes naming it clearly helps separate the mistake from the story you're telling yourself about who you are."
1,P17,burnout,I'm so exhausted and drained that I can't bring myself to do anything anymore.,claude-opus-4-8,semantic,G28; G17,BG 18.66; BG 2.3,"Let go of anxious clinging to every outcome; set down the burden of needing to control all things, and do not grieve. | Do not give way to weakness; it does not suit you. Shake off this faint-heartedness and rise.","That sounds really heavy, and I'm sorry you're feeling this depleted. When exhaustion gets to the point where even basic things feel impossible, it's often a sign that you've been running on empty for a while—maybe longer than you realized. It might help to ask yourself what's been draining you: is it physical tiredness, emotional stress, or that bone-deep weariness that doesn't go away with rest? You don't have to fix everything right now; sometimes the only thing you can do is let yourself stop and acknowledge that you're worn out, and that's okay. If this has been going on for weeks and you're losing interest in things that used to matter, it could be worth talking to a doctor or therapist, since that kind of persistent exhaustion can sometimes point to something like burnout or depression. What's been weighing on you most lately?","That sounds really heavy, and I'm sorry you're carrying it. When exhaustion runs that deep, it's often not just the body but the mind and heart that are worn down too. I'd gently push back on the idea that you need to ""rise"" and push through right now—sometimes the most honest thing is to admit you're depleted and let yourself rest without guilt. There's wisdom in setting down the burden of feeling like you have to control or fix everything; maybe for now, the only task is to be a little kinder to yourself. Can you tell me what's been draining you most—is it work, people, or something quieter underneath all of it? You don't have to have it figured out to start talking about it."
1,P18,betrayal,"Someone I trusted lied to me, and now I feel like I can't trust anyone.",claude-opus-4-8,semantic,G11; G12,BG 6.5; BG 6.6,"Lift yourself by your own effort, and do not drag yourself down; you can be your own friend or your own enemy. | For one who has mastered the self, the self is a friend; but for one who has not, the self behaves like an enemy.","That sounds really painful, and it makes sense that you're feeling shaken right now. When someone we trust lies to us, it doesn't just hurt in the moment—it can make us question our own judgment and put up walls to protect ourselves. That instinct to guard yourself is understandable, even if it feels lonely. But I'd gently offer that one person's betrayal, as real as it is, doesn't have to be the verdict on everyone in your life. It might help to give yourself time to grieve this before deciding what it means for your other relationships—you don't have to figure all of that out today.","That betrayal really hurts, and it makes sense that you're feeling shaken right now—when someone we trust lies, it shakes our sense of who's safe. But notice the leap your mind is making: from ""this one person lied"" to ""I can't trust anyone."" That's a natural protective reaction, but it can quietly become its own kind of harm, sealing you off from the people who haven't let you down. The teaching that we can be our own friend or our own enemy speaks to this; you get to decide whether this pain hardens into permanent walls or becomes wiser, more discerning trust. Trust doesn't have to be all-or-nothing—you can let people earn it gradually, paying attention to who shows up honestly over time. Be gentle with yourself as you heal, and try not to let one person's dishonesty rewrite how you see everyone."
1,P19,helplessness,"No matter how hard I try, nothing ever seems to change for me.",claude-opus-4-8,semantic,G04; G16,BG 2.38; BG 2.40,"Treat pleasure and pain, gain and loss, victory and defeat as the same, and then act; meeting them evenly, you bring no harm upon yourself. | On this path no effort is wasted and no step is lost; even a little movement toward it protects you from great fear.","That sounds exhausting, and I can hear how worn down you feel by it. When you've put in real effort and still don't see things shift, it's natural to start wondering if anything will ever be different. But I want to gently push back on the idea that *nothing* changes—sometimes progress is slower or quieter than we expect, and our own struggle makes it hard to see. Can you tell me more about what you've been trying to change? Sometimes when we look closely, we find that the problem isn't a lack of effort but that the effort's been aimed at the wrong thing, or that you've been carrying more than any one person should have to alone.","That feeling of running hard and staying in the same place is genuinely exhausting, and I don't want to brush past how discouraging it is. But I'd gently push back on the word ""nothing""—when we're worn down, our minds tend to erase the small shifts that have actually happened. There's something freeing in the idea that no sincere effort is ever truly wasted, even when the results aren't visible yet; sometimes the change is happening underneath, in you, before it shows up in your circumstances. It might help to ask whether you've been measuring yourself only by outcomes you can't fully control, rather than by the steadiness you bring to the trying. What's one area where you feel most stuck right now—maybe we can look at it more closely together?"
1,P20,perfectionism,"If I can't do something perfectly, I feel like there's no point in even trying.",claude-opus-4-8,semantic,G10; G23,BG 3.35; BG 18.48,"It is better to do your own duty imperfectly than to do another's duty well; follow the path that is genuinely yours. | Do not abandon the work suited to your nature even if it is flawed; every undertaking carries some imperfection, as fire carries smoke.","That all-or-nothing feeling is exhausting, and I think it ends up costing you more than the imperfection ever would. The truth is, almost nothing worthwhile gets done perfectly the first time—or ever—and waiting for that guarantee often means missing out on things you actually care about. I'd gently push back on the idea that an imperfect effort is pointless, because most growth, skill, and even joy lives in the messy, mediocre middle of trying. What might help is asking yourself what ""good enough"" would look like for a given thing, rather than measuring everything against perfect. Where do you think this pressure to be perfect comes from for you?","I hear how heavy that feeling is, and I want to gently push back on it. The idea that something is only worth doing if you can do it perfectly sets an impossible bar, and it ends up robbing you of all the things you might actually grow into. There's real wisdom in the thought that every undertaking carries some imperfection, just as fire naturally carries smoke—the flaw doesn't cancel the worth. Imperfect effort on something that's genuinely yours is far more meaningful than flawless work on something that was never really for you. Maybe the question isn't ""can I do this perfectly?"" but ""is this worth doing, even messily?"" What's one thing you've been holding back from because it wouldn't be perfect?"
